virus,protein,pdb_id,drug_name,drug_id,ic50_nm,ki_nm,assay_type,source,pic50,binding_class,smiles,mol_weight,logP,molecular_formula,smiles_valid
SARS-CoV-2,3CL protease,7BNN,Nirmatrelvir,CID155903259,3.1,,IC50,Literature,8.508638306165727,strong,CC1(C2C1C(N(C2)C(=O)C(C(C)(C)C)NC(=O)C(F)(F)F)C(=O)NC(CC3CCNC3=O)C#N)C,499.5,2.2,C23H32F3N5O4,True
SARS-CoV-2,RNA polymerase,7BV2,Remdesivir,CID121304016,100.0,,IC50,Literature,7.0,medium,CCC(CC)COC(=O)C(C)NP(=O)(OCC1C(C(C(O1)(C#N)C2=CC=C3N2N=CN=C3N)O)O)OC4=CC=CC=C4,602.6,1.9,C27H35N6O8P,True
SARS-CoV-2,Spike protein,6VXX,Chloroquine,CID2719,23000.0,,EC50,Literature,4.638272163982407,weak,CCN(CC)CCCC(C)NC1=C2C=CC(=CC2=NC=C1)Cl,319.9,4.6,C18H26ClN3,True
SARS-CoV-2,3CL protease,7BNN,Lopinavir,CID92727,5000.0,,IC50,Literature,5.301029995663981,medium,CC1=C(C(=CC=C1)C)OCC(=O)NC(CC2=CC=CC=C2)C(CC(CC3=CC=CC=C3)NC(=O)C(C(C)C)N4CCCNC4=O)O,628.8,5.9,C37H48N4O5,True
SARS-CoV-2,RNA polymerase,7BV2,Molnupiravir,CID145996610,500.0,,IC50,Literature,6.301029995663981,medium,CC(C)C(=O)OCC1C(C(C(O1)N2C=CC(=NC2=O)NO)O)O,329.31,-0.8,C13H19N3O7,True
SARS-CoV-2,3CL protease,7BNN,Saquinavir,CID441243,4200.0,,IC50,Literature,5.376750709602099,medium,CC(C)(C)NC(=O)C1CC2CCCCC2CN1CC(C(CC3=CC=CC=C3)NC(=O)C(CC(=O)N)NC(=O)C4=NC5=CC=CC=C5C=C4)O,670.8,4.2,C38H50N6O5,True
SARS-CoV-2,3CL protease,7BNN,Darunavir,CID213039,12000.0,,IC50,Literature,4.920818753952375,weak,CC(C)CN(CC(C(CC1=CC=CC=C1)NC(=O)OC2COC3C2CCO3)O)S(=O)(=O)C4=CC=C(C=C4)N,547.7,2.9,C27H37N3O7S,True
SARS-CoV-2,TMPRSS2,2OQ5,Nafamostat,CID4413,22.0,,IC50,Literature,7.657577319177793,strong,C1=CC(=CC=C1C(=O)OC2=CC3=C(C=C2)C=C(C=C3)C(=N)N)N=C(N)N,347.4,2.0,C19H17N5O2,True
SARS-CoV-2,3CL protease,7BNN,Indinavir,CID5362440,3500.0,,IC50,Literature,5.455931955649724,medium,CC(C)(C)NC(=O)C1CN(CCN1CC(CC(CC2=CC=CC=C2)C(=O)NC3C(CC4=CC=CC=C34)O)O)CC5=CN=CC=C5,613.8,2.8,C36H47N5O4,True
SARS-CoV-2,3CL protease,7BNN,Atazanavir,CID148192,7800.0,,IC50,Literature,5.107905397309519,medium,CC(C)(C)C(C(=O)NC(CC1=CC=CC=C1)C(CN(CC2=CC=C(C=C2)C3=CC=CC=N3)NC(=O)C(C(C)(C)C)NC(=O)OC)O)NC(=O)OC,704.9,5.6,C38H52N6O7,True
SARS-CoV-2,3CL protease,7BNN,Ritonavir,CID392622,8200.0,,IC50,Literature,5.086186147616283,medium,CC(C)C1=NC(=CS1)CN(C)C(=O)NC(C(C)C)C(=O)NC(CC2=CC=CC=C2)CC(C(CC3=CC=CC=C3)NC(=O)OCC4=CN=CS4)O,720.9,6.0,C37H48N6O5S2,True
SARS-CoV-2,RNA polymerase,7BV2,Sofosbuvir,CID45375808,2500.0,,IC50,Literature,5.6020599913279625,medium,CC(C)OC(=O)C(C)NP(=O)(OCC1C(C(C(O1)N2C=CC(=O)NC2=O)(C)F)O)OC3=CC=CC=C3,529.5,1.0,C22H29FN3O9P,True
SARS-CoV-2,3CL protease,7BNN,Tipranavir,CID54682461,18000.0,,IC50,Literature,4.7447274948966935,weak,CCCC1(CC(=C(C(=O)O1)C(CC)C2=CC(=CC=C2)NS(=O)(=O)C3=NC=C(C=C3)C(F)(F)F)O)CCC4=CC=CC=C4,602.7,7.0,C31H33F3N2O5S,True
Influenza,M2 ion channel,3LBW,Amantadine,CID2130,50.0,,IC50,Literature,7.301029995663981,strong,C1C2CC3CC1CC(C2)(C3)N,151.25,2.4,C10H17N,True
Influenza,Neuraminidase,4GMS,Oseltamivir,CID65028,0.5,0.3,IC50,Literature,9.301029995663981,strong,CCC(CC)OC1C=C(CC(C1NC(=O)C)N)C(=O)OCC,312.4,1.1,C16H28N2O4,True
Influenza,Hemagglutinin,1RVX,Favipiravir,CID492405,6200.0,,IC50,Literature,5.207608310501746,medium,C1=C(N=C(C(=O)N1)C(=O)N)F,157.1,-0.6,C5H4FN3O2,True
Influenza,Hemagglutinin,1RVX,Ribavirin,CID37542,8500.0,,IC50,Literature,5.070581074285707,medium,C1=NC(=NN1C2C(C(C(O2)CO)O)O)C(=O)N,244.2,-1.8,C8H12N4O5,True
Influenza,Neuraminidase,4GMS,Peramivir,CID150610,1.2,,IC50,Literature,8.920818753952375,strong,CC1C2C(C(=O)N2C(=C1SC3CC(NC3)C(=O)NC4=CC=CC(=C4)C(=O)O)C(=O)O)C(C)O,475.5,-1.5,C22H25N3O7S,True
Influenza,Neuraminidase,4GMS,Zanamivir,CID60855,0.7,0.4,IC50,Literature,9.154901959985743,strong,CC(=O)NC1C(C=C(OC1C(C(CO)O)O)C(=O)O)N=C(N)N,332.31,-3.2,C12H20N4O7,True
Influenza,Neuraminidase,4GMS,Baloxavir,CID118025530,1.4,,IC50,Literature,8.853871964321762,strong,CCCCOC(=O)N1CC(C1)C(C2=CC3=C(C=C2)N=C(C(=C3Cl)CN4CCC(CC4)C(F)(F)F)OC)(C5=CN=NN5C)O,625.1,4.4,C29H36ClF3N6O4,True
HIV-1,Protease,1HXW,Amprenavir,CID65016,15.0,0.6,IC50,Literature,7.823908740944319,strong,CC(C)CN(CC(C(CC1=CC=CC=C1)NC(=O)OC2CCOC2)O)S(=O)(=O)C3=CC=C(C=C3)N,505.6,2.9,C25H35N3O6S,True
HIV-1,Reverse Transcriptase,1RTD,Tenofovir,CID464205,300.0,,IC50,Literature,6.522878745280337,medium,CC(CN1C=NC2=C(N=CN=C21)N)OCP(=O)(O)O,287.21,-1.6,C9H14N5O4P,True
HIV-1,Protease,1HXW,Lopinavir,CID92727,1.3,0.07,IC50,Literature,8.886056647693163,strong,CC1=C(C(=CC=C1)C)OCC(=O)NC(CC2=CC=CC=C2)C(CC(CC3=CC=CC=C3)NC(=O)C(C(C)C)N4CCCNC4=O)O,628.8,5.9,C37H48N4O5,True
HIV-1,Reverse Transcriptase,1RTD,Doravirine,CID71731823,4.5,,IC50,Literature,8.346787486224656,strong,CC1C2=C(C=CC(=C2)F)C(=O)N(CC3=NN(C(=C3C4=CC(=C(N=C4)N)O1)C#N)C)C,406.4,1.5,C21H19FN6O2,True
HIV-1,Reverse Transcriptase,1RTD,Rilpivirine,CID5329102,0.7,,IC50,Literature,9.154901959985743,strong,CCN(CC)CCNC(=O)C1=C(NC(=C1C)C=C2C3=C(C=CC(=C3)F)NC2=O)C,398.5,2.6,C22H27FN4O2,True
HIV-1,Reverse Transcriptase,1RTD,Efavirenz,CID64139,3.0,1.5,IC50,Literature,8.522878745280337,strong,C1CC1C#CC2(C3=C(C=CC(=C3)Cl)NC(=O)O2)C(F)(F)F,315.67,4.0,C14H9ClF3NO2,True
HIV-1,Reverse Transcriptase,1RTD,Zidovudine,CID35370,50.0,,IC50,Literature,7.301029995663981,strong,CC1=CN(C(=O)NC1=O)C2CC(C(O2)CO)N=[N+]=[N-],267.24,0.0,C10H13N5O4,True
HIV-1,Protease,1HXW,Ritonavir,CID392622,15.0,0.6,IC50,Literature,7.823908740944319,strong,CC(C)C1=NC(=CS1)CN(C)C(=O)NC(C(C)C)C(=O)NC(CC2=CC=CC=C2)CC(C(CC3=CC=CC=C3)NC(=O)OCC4=CN=CS4)O,720.9,6.0,C37H48N6O5S2,True
HIV-1,Reverse Transcriptase,1RTD,Abacavir,CID441300,260.0,,IC50,Literature,6.585026652029182,medium,C1CC1NC2=C3C(=NC(=N2)N)N(C=N3)C4CC(C=C4)CO,286.33,0.9,C14H18N6O,True
HIV-1,Protease,1HXW,Saquinavir,CID441243,0.7,0.3,IC50,Literature,9.154901959985743,strong,CC(C)(C)NC(=O)C1CC2CCCCC2CN1CC(C(CC3=CC=CC=C3)NC(=O)C(CC(=O)N)NC(=O)C4=NC5=CC=CC=C5C=C4)O,670.8,4.2,C38H50N6O5,True
HIV-1,Protease,1HXW,Darunavir,CID213039,1.0,0.4,IC50,Literature,9.0,strong,CC(C)CN(CC(C(CC1=CC=CC=C1)NC(=O)OC2COC3C2CCO3)O)S(=O)(=O)C4=CC=C(C=C4)N,547.7,2.9,C27H37N3O7S,True
HIV-1,Reverse Transcriptase,1RTD,Etravirine,CID193962,2.9,,IC50,Literature,8.537602002101044,strong,CC1=CC(=CC(=C1OC2=NC(=NC(=C2Br)N)NC3=CC=C(C=C3)C#N)C)C#N,435.3,4.5,C20H15BrN6O,True
HIV-1,Reverse Transcriptase,1RTD,Emtricitabine,CID60877,120.0,,IC50,Literature,6.920818753952375,medium,C1C(OC(S1)CO)N2C=C(C(=NC2=O)N)F,247.25,-0.6,C8H10FN3O3S,True
HIV-1,Protease,1HXW,Atazanavir,CID148192,2.5,1.2,IC50,Literature,8.602059991327963,strong,CC(C)(C)C(C(=O)NC(CC1=CC=CC=C1)C(CN(CC2=CC=C(C=C2)C3=CC=CC=N3)NC(=O)C(C(C)(C)C)NC(=O)OC)O)NC(=O)OC,704.9,5.6,C38H52N6O7,True
HIV-1,Protease,1HXW,Indinavir,CID5362440,0.5,0.2,IC50,Literature,9.301029995663981,strong,CC(C)(C)NC(=O)C1CN(CCN1CC(CC(CC2=CC=CC=C2)C(=O)NC3C(CC4=CC=CC=C34)O)O)CC5=CN=CC=C5,613.8,2.8,C36H47N5O4,True
HIV-1,Integrase,3NF7,Bictegravir,CID71364374,1.5,,IC50,Literature,8.823908740944319,strong,CCCCCCCCC1=CC=C(C=C1)SC2=CC=CC=C2CO,328.5,7.2,C21H28OS,True
HIV-1,Integrase,3NF7,Raltegravir,CID54671008,3.3,,IC50,Literature,8.481486060122112,strong,CC1=NN=C(O1)C(=O)NC(C)(C)C2=NC(=C(C(=O)N2C)O)C(=O)NCC3=CC=C(C=C3)F,444.4,1.1,C20H21FN6O5,True
HCV,NS3/4A protease,3KEE,Simeprevir,CID24873435,0.9,,IC50,Literature,9.045757490560675,strong,CC1=C(C=CC2=C1N=C(C=C2OC3CC4C(C3)C(=O)N(CCCCC=CC5CC5(NC4=O)C(=O)NS(=O)(=O)C6CC6)C)C7=NC(=CS7)C(C)C)OC,749.9,4.8,C38H47N5O7S2,True
HCV,NS3/4A protease,3KEE,Paritaprevir,CID25077993,1.0,,IC50,Literature,9.0,strong,CCNC(=O)C1CCCN1C(=O)C(CCCN=C(N)N)NC(=O)C(CC(C)C)NC(=O)C(CC2=CN(C=N2)CC3=CC=CC=C3)NC(=O)C(CC4=CC=C(C=C4)O)NC(=O)C(CO)NC(=O)C(CC5=CNC6=CC=CC=C65)NC(=O)C(CC7=CN=CN7)NC(=O)C8CCC(=O)N8,1323.5,0.7,C66H86N18O12,True
HCV,NS5B polymerase,4WTG,Dasabuvir,CID56640146,7.9,,IC50,Literature,8.102372908709558,strong,CC(C)(C)C1=CC(=CC(=C1OC)C2=CC3=C(C=C2)C=C(C=C3)NS(=O)(=O)C)N4C=CC(=O)NC4=O,493.6,4.3,C26H27N3O5S,True
HCV,NS3/4A protease,3KEE,Glecaprevir,CID67683334,0.5,,IC50,Literature,9.301029995663981,strong,CC(C)C(C(=O)N1CCCC1C2=NC(=C(N2)Cl)C3=CC4=C(C=C3)C5=C(CO4)C(=C(C=C5)C6=C(NC(=N6)C7CCCN7C(=O)C(C(C)C)NC(=O)OC)Cl)F)NC(=O)OC,853.8,6.7,C41H47Cl2FN8O7,True
HSV-1,Thymidine kinase,1KI2,Ganciclovir,CID3449,12.0,,IC50,Literature,7.920818753952375,strong,CN1CCC23C=CC(CC2OC4=C(C=CC(=C34)C1)OC)O,287.35,1.8,C17H21NO3,True
HSV-1,Thymidine kinase,1KI2,Famciclovir,CID3324,60.0,,IC50,Literature,7.221848749616356,strong,CC(=O)OCC(CCN1C=NC2=CN=C(N=C21)N)COC(=O)C,321.33,0.0,C14H19N5O4,True
HSV-1,Thymidine kinase,1KI2,Penciclovir,CID4725,50.0,,IC50,Literature,7.301029995663981,strong,C1=NC2=C(N1CCC(CO)CO)NC(=NC2=O)N,253.26,-1.6,C10H15N5O3,True
CMV,DNA polymerase,3NFS,Valganciclovir,CID135398745,8.0,,IC50,Literature,8.096910013008056,strong,CC1=CC2=C(S1)NC3=CC=CC=C3N=C2N4CCN(CC4)C,312.4,2.9,C17H20N4S,True
CMV,Terminase,5TLC,Letermovir,CID57379345,2.1,,IC50,Literature,8.67778070526608,strong,CC1=CC(=C(C=C1C2CCNCC2)OC(C)C)NC3=NC=C(C(=N3)NC4=CC=CC=C4S(=O)(=O)C(C)C)Cl,558.1,6.4,C28H36ClN5O3S,True
CMV,DNA polymerase,3NFS,Cidofovir,CID60613,15.0,,IC50,Literature,7.823908740944319,strong,C1=CN(C(=O)N=C1N)CC(CO)OCP(=O)(O)O,279.19,-3.6,C8H14N3O6P,True
Ebola,Glycoprotein,5JQ3,Favipiravir,CID492405,8500.0,,IC50,Literature,5.070581074285707,medium,C1=C(N=C(C(=O)N1)C(=O)N)F,157.1,-0.6,C5H4FN3O2,True
Ebola,Glycoprotein,5JQ3,Brincidofovir,CID16132283,1200.0,,IC50,Literature,5.920818753952375,medium,CC(C)CC(C(=O)NC(CCSC)C(=O)NC(CC(=O)N)C(=O)NC(C(C)O)C(=O)O)NC(=O)C(CC1=CNC2=CC=CC=C21)NC(=O)C(CCC(=O)N)NC(=O)C(C(C)C)NC(=O)C(CC3=CC=CC=C3)NC(=O)C(CC(=O)O)NC(=O)C(CCC(=O)N)NC(=O)C(C)NC(=O)C(CCCNC(=N)N)NC(=O)C(CCCNC(=N)N)NC(=O)C(CO)NC(=O)C(CC(=O)O)NC(=O)C(CC(C)C)NC(=O)C(CC4=CC=C(C=C4)O)NC(=O)C(CCCCN)NC(=O)C(CO)NC(=O)C(CC5=CC=C(C=C5)O)NC(=O)C(CC(=O)O)NC(=O)C(CO)NC(=O)C(C(C)O)NC(=O)C(CC6=CC=CC=C6)NC(=O)C(C(C)O)NC(=O)CNC(=O)C(CCC(=O)N)NC(=O)C(CO)NC(=O)C(CC7=CN=CN7)N,3482.7,-16.9,C153H225N43O49S,True
HBV,Polymerase,4QK5,Tenofovir,CID464205,6.5,,IC50,Literature,8.187086643357144,strong,CC(CN1C=NC2=C(N=CN=C21)N)OCP(=O)(O)O,287.21,-1.6,C9H14N5O4P,True
HBV,Polymerase,4QK5,Lamivudine,CID73339,300.0,,IC50,Literature,6.522878745280337,medium,C1C(OC(S1)CO)N2C=CC(=NC2=O)N,229.26,-0.9,C8H11N3O3S,True
